time, trident1, trident2, trident3
07:20:26,30.421365546218503,29.14636554621849,30.48861344537815
07:20:56,30.396365546218505,29.23386554621848,30.50111344537816
07:21:26,30.5088655462185,29.73386554621849,30.288613445378154
07:21:56,30.5088655462185,29.633865546218487,30.46361344537815
07:22:26,30.496365546218506,29.29636554621849,30.538613445378154
07:22:56,30.433865546218506,29.746365546218485,30.513613445378148
07:23:26,30.4463655462185,29.808865546218485,30.551113445378157
07:23:56,21.283865546218493,20.808865546218485,24.276113445378158
